{
  "mean": [
    2.4342606149341144,
    5061844.802342606,
    15173616.398243045,
    10.919472913616397,
    600.2635431918009,
    7470951.68374817,
    4954202.049780381,
    15183806.73499268,
    4948579.795021962
  ],
  "scale": [
    1.696347942503522,
    2811445.8787359865,
    9063658.91807261,
    5.720294841617432,
    172.16349341809692,
    6542891.449755818,
    4370656.754847345,
    9172230.26620859,
    3232829.88290938
  ],
  "n_features": 9,
  "feature_names": [
    "no_of_dependents",
    "income_annum",
    "loan_amount",
    "loan_term",
    "cibil_score",
    "residential_assets_value",
    "commercial_assets_value",
    "luxury_assets_value",
    "bank_asset_value"
  ]
}